Node,Keys,Puts,Gets,Key Load,Put Load,Get Load
n_0,25814,574251,576663,0.042170505150833,0.266552325163099,0.267010819563282
n_1,25224,568472,570780,0.041206663900388,0.263869864205926,0.264286828859022
n_2,26034,569418,571349,0.042529903583202,0.264308972713537,0.264550291498954
n_3,108211,209804,209183,0.176776653477833,0.0973855405189,0.096857478750511
n_4,86457,76526,76253,0.141238683033453,0.035521371726704,0.035307234943388
n_5,115427,78115,77628,0.188564922059549,0.036258944050799,0.035943897737601
n_6,224967,77779,77843,0.367512668794741,0.036102981621035,0.036043448647242
