Node,Keys,Puts,Gets,Key Load,Put Load,Get Load
n_0,41892,973293,976226,0.140622010372434,0.274271806357583,0.274316180739257
n_1,41799,950963,953079,0.140309830315033,0.267979261937799,0.267811952583511
n_2,41971,946705,949072,0.140887195582484,0.266779366992012,0.266685999232317
n_3,46595,453983,456508,0.156408922307447,0.127931401402902,0.128277193023866
n_4,41928,75001,75194,0.140742854265622,0.0211351152722,0.021129257871136
n_5,41796,74463,74214,0.140299759990601,0.020983508066743,0.020853881209252
n_6,41924,74236,74469,0.140729427166379,0.020919539970761,0.020925535340661
