Node,Keys,Puts,Gets,Key Load,Put Load,Get Load
n_0,42106,690488,765645,0.142841150029684,0.299403524047225,0.29955421628296
n_1,41846,664416,735951,0.141959121363752,0.288098405523863,0.287936609038995
n_2,37573,669967,741840,0.12746331948096,0.290505382852921,0.290240646523325
n_3,46868,149656,166229,0.158995844288016,0.064892559747326,0.065036143145322
n_4,42163,44453,49749,0.143034517852599,0.019275331149088,0.019464011004919
n_5,42039,43642,48168,0.142613858027309,0.018923672238285,0.018845453819874
n_6,42180,43590,48366,0.14309218895768,0.018901124441292,0.018922920184605
